project,TM Project ID
Acacia_EPZ,35f4ee57-1f01-4e69-91be-d927aa5c0c89
addax-gum,246a0906-7e03-4b57-bf71-b697b333509f
adhd,57589518-68da-40e0-b211-bf6d64eccca7
aerobic-agroforestry,4a853e6a-dba4-442a-b528-09702250244f
afrex-gold,cde946c3-5f1a-4782-9457-b399f284caf0
ageref-cl,4124a403-45ca-4e48-be6f-6c15b3b48617
apaf-togo,5b02c3a0-0f64-4506-8cc5-719dfa8c1641
aradin,bcde8454-bdd2-4b62-95b9-b572e8c5c460
arcos,bbd88e69-cd85-429e-bebf-6234bf82dbb3
asic,684fb6a6-db3c-403a-8bb5-1b90c4234ace
bccp,389aad5b-6577-4cea-bf9f-446dcfd94966
birdlife-intl,36504a4e-f7a3-4963-9ff2-9aa9982cf990
blessed-action,652ba56f-2e75-4735-a0d1-aafebbd940c1
blue-forest,f9dc4f5a-503b-45e5-baf0-0162f7bdb891
Bondy Bambou,174cb80b-d4df-45f7-9f96-9fc5788b217a
ccao,128c2ac7-dd30-4093-a079-6e9111aa3351
centre-valbio,47f07709-b503-4eeb-98fa-aea62e979ca8
CERATH Development Organization,2f4b5b55-49e2-4cec-a40a-521c5c142c91
conservation-south-africa,da7fab67-92c7-4703-b2e0-d20c9cadcdde
dedras-ong,a44be1df-b79a-4f1b-9689-b6a768b12b60
dnrc,d6481438-9603-4c68-b152-6586ed825b0a
durrell,292bbbda-ec32-40e2-a127-3670a052423d
eco-benin,5b82defe-b433-4eb0-b95c-09cd23a0f17d
ecocare-ghana,47118e50-d4d1-4ba0-8094-59cfa441dbb0
ecofix,44c352fb-0581-4b97-92d7-6cbe459e13d0
ecotrust-uganda,47673f46-0af9-4047-afc7-b4f4fefaa5e7
edu-env-dev-durable,449adf55-f6f8-4f17-97d3-ab6f6bf6676d
env-coffee-forest-forum,d77299ed-aa38-4aa4-9c1f-2063da78dc77
env-found-afr-sl,33274073-8a4e-4eca-8b97-0e8da3833105
fairtree-kenya,2e2130be-7da7-4898-a9da-98ebb908cc96
fairtree-tanzania,3a860077-df4c-4e95-8fec-41520c551243
fap-ngo,6ca7c7b3-9109-4f34-8dc5-a64f8c7d558f
fote-ghana,abdb9d09-7c55-4e26-8961-1aa26e991bbc
goshen-global-vision,943bb150-f1b7-4ad2-bb9e-60a559df2ebd
green-pot,e4a9f60c-e555-43ff-b428-5b13f6501d66
hen-mpoano,12aefea5-2ec9-4181-93c3-2c739f7c8d64
herp-ghana,529e1bae-2187-473f-a2a3-17e577720aba
icraf,f81c1422-025c-45b1-a2e1-d354177523ca
ileg,5b7983b3-e887-44da-8d66-0ee747379214
inec-ghana,243f93d2-0d4b-4dac-8b23-997e6528dc8e
inst-oikos-onlus,5b6a5e11-03ae-4adc-b4ef-9bf4239aa705
International Institute of Tropical Agriculture (IITA),b7f26543-0ddb-4d10-a215-abfc093b0ed0
intl-tree-foundation,cf16b937-a02b-4691-b816-28669ec348f2
justdiggit,8cbda7fc-aa17-444b-8425-7047fade708c
kea,802bb88c-5eb5-4ce2-836f-19bc8e0ddfc4
kenvo,e4fe2fa4-6869-4c1e-9347-ba9b135306f5
kijabe-forest-trust,76374ef9-c5df-4d62-a28b-92b100b95581
kijani-forestry,d8210ae4-2c85-4094-b0f3-0e0cda687aa9
killimanjaro-project,d1f355a2-3e0f-4ffd-bb2f-eec104bf8442
lead-foundation,6af68b37-d2bc-4020-aaab-77a42cc25fd4
mapto,a8940698-ff28-456c-b8cd-f7289e612913
mt-kenya-env-cons,aa0f8df7-b668-48f0-a8ce-bf5558f2a9d6
my-trees-trust,33ee81da-5421-410e-a642-37fc3b0cb935
NA,
ncf,24fc33cb-53ad-4383-82ca-f6e2ac3fd143
nguni,d6240881-891e-41f0-a5b6-eb1410447edd
ntisd,c9534124-afcb-4c06-bfdb-d2ade7b82b54
ope,cbe97cc6-8469-487a-af4a-056d52215742
pades,2d3717a6-293d-4b1b-a01c-d31a68560fd1
pado-investments,476273a3-d0b3-4f89-be10-9703f038d0c0
panr,d5e0a4ff-8601-45d0-9020-8c104e5ea508
per-ja-t,c3d2858f-aa3d-458e-8e88-5a7f376e6ef4
plant-with-purpose-burundi,caf78b0a-d80a-482e-9c62-842302109a90
plant-with-purpose-drc,1e207d56-d0ed-4b4f-b1d9-94aa8aafb71f
recor,f449aef3-4453-42c9-b542-57acc7c2e5eb
sadhana-forest-kenya,90d13b5d-efb6-40b5-8f25-777f69e18d5e
safire,6b2dc32e-4414-48e0-9472-ebb49a766c28
sahel-eco-mali,814fc561-d635-423d-ab9d-30ce02a81172
scope,f6075e7c-1d31-4bee-ba64-154cd664f7a1
shekina,39871658-bff0-49c2-aa20-ccac0b03a2c2
snrma,8a112e82-e191-44ad-b306-2578c064104b
soc-cons-nature-liberia,53f9f5a6-9346-436c-87bb-b5cc86d978c0
solid-east-central-afr-zambia,0733b059-5538-4fd8-8c9a-7adb78aea248
sos-forets,62043c88-f03d-475e-ac9c-2f057536e2a8
surudev,3418f474-5d5d-422f-a12b-459040034223
swagen,bad12444-7180-4b29-a14c-d2b4305b7f52
tree-adoption-uganda,71706fe4-0e80-4552-8be2-d6f6a55e13d2
trees-for-the-future,fdde47ac-770e-4b7b-861b-9e4520ba906c
wells-for-zoe,cf106374-3dd4-401d-80ba-25b70247381a
wildlife-action-group,16b297b3-30a3-4624-bcc9-4333919f66fc
world-vision-intl-ethiopia,96c86eae-d4f9-45d8-9780-69c55a9e36e9
